server_id,data_source,cpu_utilization_avg_pct,cpu_utilization_p95_pct,cpu_utilization_peak_pct,cpu_count,memory_total_gb,memory_utilization_avg_pct,memory_utilization_p95_pct,memory_utilization_peak_pct,network_in_avg_mbps,network_in_p95_mbps,network_in_peak_mbps,network_out_avg_mbps,network_out_p95_mbps,network_out_peak_mbps,network_total_avg_mbps,network_total_p95_mbps,network_total_peak_mbps
import_0705e40e-dd07-5423-b3ca-e8cea03e8c1c,OS,23.685714,85.0,100.0,2,1.86,17.308571,17.682,17.76,0.014395,0.02051,0.022993,0.024733,0.050883,0.064548,0.039128,0.071269,0.08754
import_0b6b01c5-d120-5bce-8c8f-d8a57805bc35,OS,16.678333,75.01,100.0,2,1.96,81.19,89.6025,91.89,0.002849,0.012581,0.016614,0.006247,0.028114,0.037485,0.578928,0.682164,0.684287
import_4d2ba2dd-1c65-54c9-8961-706f9bc2c716,OS,28.128571,99.07,100.0,2,1.86,17.142857,17.36,17.39,0.013307,0.017553,0.018106,0.017846,0.022469,0.023243,0.031153,0.039118,0.039507
import_7a60d1e0-995a-53c0-84e3-58df40793c90,OS,29.028571,97.18,100.0,2,1.86,17.76,18.215,18.23,0.011391,0.01337,0.013395,0.017727,0.018471,0.01874,0.029118,0.031115,0.031155
import_99b69105-fed0-5c04-8b6a-54651a9c3e47,OS,27.971429,93.77,97.1,2,1.86,39.145714,39.732,39.81,0.012344,0.018051,0.019657,0.017509,0.020794,0.022167,0.029853,0.038835,0.041824
import_a30b55c1-0587-5029-839d-71f30905225f,OS,29.814286,97.9,100.0,2,1.86,17.114286,17.664,17.76,0.013876,0.02185,0.025443,0.018048,0.027703,0.032712,0.031924,0.049496,0.058155
import_bf97cd90-d6c9-550e-9ca9-4bea1c402677,OS,29.057143,99.19,100.0,2,1.86,35.687143,40.412,40.49,0.008715,0.012625,0.012761,0.015967,0.019016,0.01927,0.024682,0.031566,0.032031
import_da2c6743-6a4f-54db-9c8d-5227933d64fd,OS,26.8,92.96,94.1,2,1.86,18.23,18.685,18.7,0.012543,0.015726,0.016696,0.018928,0.030956,0.037133,0.031472,0.046611,0.053829
import_e0b56d26-039f-508a-af2f-774aba6ec4f8,OS,31.257143,100.0,100.0,2,3.75,66.38,66.685,66.7,0.011444,0.01629,0.017981,0.019051,0.022986,0.023174,0.030495,0.036754,0.03955
